epoch,acc,loss,val_acc,val_loss
0,0.677204301075,0.692387930116,0.686956521739,0.692509116815
1,0.675913978495,0.692407263299,0.686956521739,0.692508765407
