epoch,acc,loss,val_acc,val_loss
0,0.610407395707,0.647323456306,0.734086242545,0.520612314313
1,0.846285515883,0.360979438299,0.93429157401,0.204361319848
2,0.931187941905,0.19922015585,0.95585214798,0.117351985749
3,0.955152337252,0.130980361217,0.960985620653,0.0992773479459
4,0.962684006693,0.10801936751,0.960985616982,0.135838050885
